pdb,pdb_id,chain,site,zr4s_JTT,r4s_JTT,zr4s_JC,r4s_JC
132L_A,132L,A,2,-0.3133,1.02,0.04475,1.188
132L_A,132L,A,3,0.8385,1.955,0.2036,1.311
132L_A,132L,A,4,2.093,2.973,1.451,2.272
132L_A,132L,A,5,-0.8878,0.5537,-0.7985,0.5382
132L_A,132L,A,6,-1.443,0.1028,-1.426,0.05416
132L_A,132L,A,7,-0.1195,1.177,-0.07917,1.093
132L_A,132L,A,8,-0.7236,0.6869,-0.8997,0.4602
132L_A,132L,A,9,-1.107,0.3755,-0.8971,0.4622
132L_A,132L,A,10,0.7076,1.848,0.7369,1.722
132L_A,132L,A,11,0.9573,2.051,0.8809,1.833
132L_A,132L,A,12,-0.8315,0.5993,-0.9243,0.4413
132L_A,132L,A,14,2.252,3.102,3.019,3.481
132L_A,132L,A,15,2.132,3.005,1.435,2.26
132L_A,132L,A,16,-0.207,1.106,-0.5451,0.7336
132L_A,132L,A,17,0.5593,1.728,0.1732,1.287
132L_A,132L,A,18,0.3717,1.576,0.5399,1.57
132L_A,132L,A,19,-0.5697,0.8118,-0.8,0.5371
132L_A,132L,A,20,1.095,2.163,0.3618,1.433
132L_A,132L,A,21,0.4629,1.65,0.2699,1.362
132L_A,132L,A,22,0.07046,1.331,-0.118,1.063
132L_A,132L,A,23,0.7879,1.914,0.9879,1.915
132L_A,132L,A,24,-0.1533,1.15,0.07022,1.208
132L_A,132L,A,25,-0.2469,1.074,-0.3841,0.8576
132L_A,132L,A,26,0.1944,1.432,0.2999,1.385
132L_A,132L,A,27,-0.4613,0.8998,-0.2019,0.9981
132L_A,132L,A,28,-1.029,0.4394,-1.306,0.1468
132L_A,132L,A,29,-0.2655,1.059,0.05151,1.193
132L_A,132L,A,30,-1.453,0.09483,-1.429,0.0519
132L_A,132L,A,31,-0.9587,0.4961,-0.9554,0.4173
132L_A,132L,A,32,-0.7302,0.6815,-0.4713,0.7905
132L_A,132L,A,34,0.398,1.597,0.3027,1.387
132L_A,132L,A,35,-1.04,0.4301,-0.986,0.3937
132L_A,132L,A,36,-1.46,0.08937,-1.419,0.05958
132L_A,132L,A,37,1.619,2.588,1.449,2.27
132L_A,132L,A,38,0.4647,1.651,-0.08487,1.088
132L_A,132L,A,39,-0.4947,0.8726,-0.1824,1.013
132L_A,132L,A,40,-1.29,0.2271,-1.125,0.2863
132L_A,132L,A,41,2.243,3.094,2.985,3.455
132L_A,132L,A,42,-0.9314,0.5183,-0.7886,0.5458
132L_A,132L,A,43,0.4534,1.642,0.8631,1.819
132L_A,132L,A,44,-0.5468,0.8303,-0.4172,0.8322
132L_A,132L,A,45,1.084,2.154,0.9431,1.881
132L_A,132L,A,46,0.7792,1.907,0.7217,1.71
132L_A,132L,A,47,0.9547,2.049,1.076,1.983
132L_A,132L,A,48,-0.5841,0.8001,-0.3769,0.8632
132L_A,132L,A,49,0.3657,1.571,-0.1717,1.021
132L_A,132L,A,50,-1.13,0.3572,-0.8716,0.4819
132L_A,132L,A,51,-0.00907,1.267,0.1374,1.26
132L_A,132L,A,52,-0.9326,0.5173,-0.8133,0.5268
132L_A,132L,A,53,-0.9563,0.498,-1.044,0.3487
132L_A,132L,A,54,-1.45,0.09718,-1.427,0.05404
132L_A,132L,A,55,-0.9398,0.5114,-0.8682,0.4845
132L_A,132L,A,56,-1.095,0.3857,-1.181,0.2436
132L_A,132L,A,57,-1.459,0.09002,-1.427,0.05403
132L_A,132L,A,58,-1.36,0.1708,-1.232,0.2042
132L_A,132L,A,59,-1.264,0.2482,-1.097,0.3085
132L_A,132L,A,60,-0.8873,0.554,-0.6271,0.6703
132L_A,132L,A,61,0.5519,1.722,0.3877,1.453
132L_A,132L,A,62,0.4078,1.605,-0.2791,0.9386
132L_A,132L,A,63,-1.062,0.4121,-1.336,0.1238
132L_A,132L,A,64,-1.444,0.1019,-1.427,0.05404
132L_A,132L,A,65,1.068,2.141,1.418,2.247
132L_A,132L,A,66,-0.1151,1.181,-0.1984,1.001
132L_A,132L,A,67,1.007,2.091,0.5938,1.611
132L_A,132L,A,68,1.084,2.154,1.009,1.931
132L_A,132L,A,69,0.209,1.444,0.4585,1.507
132L_A,132L,A,70,0.7273,1.864,0.2763,1.367
132L_A,132L,A,71,2.25,3.1,1.682,2.451
132L_A,132L,A,72,0.09827,1.354,0.3098,1.393
132L_A,132L,A,73,0.696,1.839,0.4284,1.484
132L_A,132L,A,74,-1.141,0.3483,-1.012,0.3736
132L_A,132L,A,75,0.8254,1.944,0.6636,1.665
132L_A,132L,A,76,-1.453,0.09483,-1.429,0.0519
132L_A,132L,A,77,0.929,2.028,1.032,1.949
132L_A,132L,A,78,0.08522,1.343,0.3452,1.42
132L_A,132L,A,79,0.7339,1.87,1.099,2.001
132L_A,132L,A,80,-1.425,0.118,-1.419,0.05995
132L_A,132L,A,81,-0.00593,1.269,0.359,1.43
132L_A,132L,A,82,0.9284,2.028,1.167,2.053
132L_A,132L,A,83,-0.6297,0.7631,-0.8519,0.4971
132L_A,132L,A,84,0.108,1.362,-0.2476,0.9629
132L_A,132L,A,85,0.2872,1.507,0.7221,1.71
132L_A,132L,A,86,-0.2923,1.037,-0.1632,1.028
132L_A,132L,A,87,-0.4989,0.8692,-0.2587,0.9543
132L_A,132L,A,88,-1.115,0.3693,-0.9627,0.4117
132L_A,132L,A,89,1.038,2.116,1.442,2.265
132L_A,132L,A,90,0.3702,1.575,0.3802,1.447
132L_A,132L,A,91,-0.6362,0.7578,-0.4041,0.8423
132L_A,132L,A,92,-0.2264,1.09,0.1242,1.249
132L_A,132L,A,93,2.252,3.102,3.001,3.467
132L_A,132L,A,94,-1.445,0.1018,-1.427,0.05405
132L_A,132L,A,95,-0.961,0.4943,-0.7296,0.5914
132L_A,132L,A,97,-0.2412,1.078,-0.2181,0.9856
132L_A,132L,A,98,-0.998,0.4642,-0.7981,0.5386
132L_A,132L,A,99,0.5234,1.699,0.3578,1.43
132L_A,132L,A,100,1.021,2.103,1.3,2.155
132L_A,132L,A,101,0.294,1.513,0.2717,1.363
132L_A,132L,A,102,-0.1013,1.192,-0.08469,1.088
132L_A,132L,A,103,0.3625,1.568,0.6501,1.655
132L_A,132L,A,104,-1.066,0.409,-1.177,0.2464
132L_A,132L,A,105,-0.7245,0.6861,-0.819,0.5225
132L_A,132L,A,106,1.24,2.28,1.459,2.278
132L_A,132L,A,107,-0.9235,0.5246,-0.7462,0.5785
132L_A,132L,A,108,-1.165,0.3287,-1.373,0.0951
132L_A,132L,A,109,0.07002,1.331,0.03775,1.183
132L_A,132L,A,110,-0.4824,0.8826,-0.387,0.8554
132L_A,132L,A,111,-0.9325,0.5174,-1.251,0.1891
132L_A,132L,A,112,2.247,3.098,1.464,2.283
132L_A,132L,A,113,1.504,2.494,1.425,2.252
132L_A,132L,A,114,0.7837,1.91,0.669,1.669
132L_A,132L,A,115,-1.39,0.1458,-1.402,0.07287
132L_A,132L,A,117,-0.08832,1.202,-0.2263,0.9792
132L_A,132L,A,118,0.1953,1.433,0.2679,1.36
132L_A,132L,A,119,0.9346,2.033,1.228,2.1
132L_A,132L,A,120,-0.1047,1.189,-0.3461,0.8869
132L_A,132L,A,121,0.2256,1.457,0.2323,1.333
132L_A,132L,A,122,0.6871,1.832,1.007,1.93
132L_A,132L,A,123,-0.07167,1.216,-0.6626,0.6429
132L_A,132L,A,124,0.3866,1.588,0.589,1.608
132L_A,132L,A,125,0.9427,2.039,1.306,2.161
132L_A,132L,A,126,0.9136,2.016,0.6092,1.623
132L_A,132L,A,127,-1.438,0.1071,-1.425,0.05549
132L_A,132L,A,128,2.044,2.933,1.301,2.156
132L_A,132L,A,129,0.5917,1.754,0.3622,1.433
13PK_A,13PK,A,5,-0.3099,0.6743,-0.1596,0.7412
13PK_A,13PK,A,6,-0.9823,0.03318,-1.027,0.02883
13PK_A,13PK,A,7,-0.1302,0.8456,-0.1796,0.7247
13PK_A,13PK,A,8,-0.268,0.7142,0.09983,0.9543
13PK_A,13PK,A,9,0.1207,1.085,0.3488,1.159
13PK_A,13PK,A,10,0.5046,1.451,0.4697,1.258
13PK_A,13PK,A,11,-0.5225,0.4716,-0.4766,0.4807
13PK_A,13PK,A,12,0.5181,1.464,0.6572,1.412
13PK_A,13PK,A,13,0.6248,1.566,0.755,1.493
13PK_A,13PK,A,14,0.2834,1.24,0.2403,1.07
13PK_A,13PK,A,15,1.551,2.448,1.352,1.983
13PK_A,13PK,A,16,-0.4186,0.5707,-0.6055,0.3748
13PK_A,13PK,A,17,-0.7954,0.2114,-0.8322,0.1886
13PK_A,13PK,A,18,0.004581,0.9742,0.1052,0.9587
13PK_A,13PK,A,19,-0.8393,0.1695,-0.8108,0.2062
13PK_A,13PK,A,20,-0.2087,0.7708,-0.4307,0.5184
13PK_A,13PK,A,21,-0.4373,0.5528,-0.2898,0.6341
13PK_A,13PK,A,22,-1.001,0.01556,-1.048,0.01126
13PK_A,13PK,A,23,-0.6167,0.3818,-0.538,0.4303
13PK_A,13PK,A,24,-1.001,0.01541,-1.048,0.01126
13PK_A,13PK,A,25,-0.7569,0.2481,-0.8702,0.1573
13PK_A,13PK,A,26,-1.002,0.01403,-1.048,0.01126
13PK_A,13PK,A,27,-0.9964,0.01973,-1.032,0.02462
13PK_A,13PK,A,28,-0.9968,0.01932,-1.048,0.01126
13PK_A,13PK,A,29,0.3372,1.291,0.1938,1.032
13PK_A,13PK,A,30,0.3277,1.282,0.272,1.096
13PK_A,13PK,A,31,1.012,1.935,1.312,1.95
13PK_A,13PK,A,32,0.3984,1.35,0.03191,0.8985
13PK_A,13PK,A,33,3.381,4.194,2.224,2.7
13PK_A,13PK,A,34,-0.5953,0.4022,-0.4509,0.5018
13PK_A,13PK,A,35,-0.7151,0.288,-0.6148,0.3671
13PK_A,13PK,A,36,-0.7972,0.2097,-0.7902,0.223
13PK_A,13PK,A,37,-0.5099,0.4836,-0.4946,0.4659
13PK_A,13PK,A,38,-0.5869,0.4102,-0.447,0.5051
13PK_A,13PK,A,39,-0.9919,0.02402,-1.032,0.02462
13PK_A,13PK,A,40,-0.8239,0.1842,-0.7904,0.2229
13PK_A,13PK,A,41,0.1513,1.114,0.2047,1.04
13PK_A,13PK,A,42,-0.4909,0.5017,-0.357,0.5789
13PK_A,13PK,A,43,-0.6923,0.3097,-0.5978,0.3811
13PK_A,13PK,A,44,-0.1418,0.8347,-0.3299,0.6013
13PK_A,13PK,A,45,-0.9059,0.106,-0.9713,0.07428
13PK_A,13PK,A,46,-0.9453,0.0685,-0.9514,0.09058
13PK_A,13PK,A,47,-0.7252,0.2783,-0.6479,0.3399
13PK_A,13PK,A,48,1.209,2.123,1.343,1.976
13PK_A,13PK,A,49,0.1323,1.096,-0.1863,0.7192
13PK_A,13PK,A,50,-0.402,0.5865,-0.5123,0.4514
13PK_A,13PK,A,51,1.582,2.478,1.354,1.985
13PK_A,13PK,A,52,1.562,2.459,1.448,2.062
13PK_A,13PK,A,53,1.173,2.089,1.406,2.028
13PK_A,13PK,A,54,-0.04571,0.9262,-0.342,0.5913
13PK_A,13PK,A,55,-0.7011,0.3013,-0.6442,0.343
13PK_A,13PK,A,56,0.107,1.072,0.1338,0.9822
13PK_A,13PK,A,57,-0.4547,0.5362,-0.3192,0.61
13PK_A,13PK,A,58,-0.5645,0.4315,-0.4286,0.5201
13PK_A,13PK,A,59,-0.6661,0.3347,-0.7885,0.2244
13PK_A,13PK,A,60,-0.03457,0.9368,0.1278,0.9773
13PK_A,13PK,A,61,-0.9136,0.09867,-0.8916,0.1397
13PK_A,13PK,A,62,-1.002,0.01478,-1.048,0.01126
13PK_A,13PK,A,63,-0.5587,0.4371,-0.7085,0.2902
13PK_A,13PK,A,64,-0.9469,0.06696,-1.01,0.04218
13PK_A,13PK,A,65,-0.9036,0.1082,-0.9313,0.1071
13PK_A,13PK,A,66,-0.9111,0.1011,-0.9715,0.07406
13PK_A,13PK,A,67,-0.6196,0.379,-0.6829,0.3112
13PK_A,13PK,A,68,-0.3486,0.6374,-0.5602,0.412
13PK_A,13PK,A,69,1.554,2.451,2.408,2.851
13PK_A,13PK,A,70,2.52,3.372,3.386,3.654
13PK_A,13PK,A,71,0.04814,1.016,0.2861,1.107
13PK_A,13PK,A,72,0.6215,1.562,1.309,1.948
13PK_A,13PK,A,73,1.777,2.664,2.471,2.903
13PK_A,13PK,A,74,0.9651,1.89,1.27,1.916
13PK_A,13PK,A,75,2.779,3.62,3.273,3.561
13PK_A,13PK,A,76,1.902,2.783,2.418,2.859
13PK_A,13PK,A,77,2.476,3.331,3.472,3.724
13PK_A,13PK,A,78,1.707,2.597,2.285,2.75
13PK_A,13PK,A,79,-0.3104,0.6738,-0.2236,0.6885
13PK_A,13PK,A,80,0.9165,1.844,0.8535,1.574
13PK_A,13PK,A,81,1.301,2.21,0.6308,1.391
13PK_A,13PK,A,82,2.79,3.63,2.87,3.23
13PK_A,13PK,A,83,0.605,1.547,1.163,1.828
13PK_A,13PK,A,84,1.625,2.519,1.943,2.468
13PK_A,13PK,A,85,1.502,2.402,0.645,1.402
13PK_A,13PK,A,86,0.7774,1.711,0.4929,1.277
13PK_A,13PK,A,87,0.5868,1.529,0.7151,1.46
13PK_A,13PK,A,88,0.3459,1.3,0.1317,0.9805
13PK_A,13PK,A,89,0.7447,1.68,0.6879,1.437
13PK_A,13PK,A,90,1.518,2.418,0.8651,1.583
13PK_A,13PK,A,91,-0.7021,0.3004,-0.5834,0.393
13PK_A,13PK,A,92,-0.697,0.3052,-0.8096,0.2071
13PK_A,13PK,A,93,0.6795,1.618,0.8786,1.594
13PK_A,13PK,A,94,-0.7181,0.2851,-0.811,0.2059
13PK_A,13PK,A,95,-0.6446,0.3551,-0.5404,0.4283
13PK_A,13PK,A,96,-0.6788,0.3226,-0.5844,0.3921
13PK_A,13PK,A,97,3.392,4.204,2.225,2.701
13PK_A,13PK,A,98,-0.4521,0.5388,-0.4442,0.5073
13PK_A,13PK,A,99,-0.8744,0.136,-0.9516,0.09047
13PK_A,13PK,A,100,0.04038,1.008,0.4767,1.264
13PK_A,13PK,A,101,-0.06573,0.9071,-0.09595,0.7935
13PK_A,13PK,A,102,-0.3523,0.6339,-0.5596,0.4125
13PK_A,13PK,A,103,-0.579,0.4178,-0.725,0.2766
13PK_A,13PK,A,104,0.595,1.537,0.1163,0.9678
13PK_A,13PK,A,105,0.9238,1.851,0.9089,1.619
13PK_A,13PK,A,106,1.737,2.626,1.544,2.14
13PK_A,13PK,A,107,-0.8959,0.1155,-0.8918,0.1395
13PK_A,13PK,A,108,3.476,4.284,2.226,2.701
13PK_A,13PK,A,109,-0.06388,0.9089,-0.2212,0.6906
13PK_A,13PK,A,110,-0.07149,0.9016,0.126,0.9758
13PK_A,13PK,A,111,1.406,2.31,1.075,1.755
13PK_A,13PK,A,112,-0.4472,0.5434,-0.3848,0.5562
13PK_A,13PK,A,113,-0.2008,0.7783,-0.3288,0.6022
13PK_A,13PK,A,114,-0.1071,0.8677,0.1081,0.9611
13PK_A,13PK,A,115,0.7797,1.713,0.8876,1.602
13PK_A,13PK,A,116,-0.4527,0.5382,-0.2906,0.6335
13PK_A,13PK,A,117,0.689,1.627,0.6883,1.438
13PK_A,13PK,A,118,1.689,2.581,2.154,2.642
13PK_A,13PK,A,119,0.5393,1.484,0.7203,1.464
13PK_A,13PK,A,120,0.07141,1.038,0.417,1.215
13PK_A,13PK,A,121,1.685,2.576,2.223,2.699
13PK_A,13PK,A,122,3.51,4.317,2.239,2.712
13PK_A,13PK,A,123,0.1013,1.066,-0.00034,0.872
13PK_A,13PK,A,124,1.589,2.485,1.431,2.048
13PK_A,13PK,A,125,1.657,2.55,1.365,1.994
13PK_A,13PK,A,126,-0.9753,0.03982,-1.032,0.02455
13PK_A,13PK,A,127,0.609,1.55,0.7077,1.454
13PK_A,13PK,A,128,-0.4846,0.5077,-0.2993,0.6264
13PK_A,13PK,A,129,0.7106,1.647,0.5366,1.313
13PK_A,13PK,A,130,-0.33,0.6552,-0.4947,0.4658
13PK_A,13PK,A,131,-0.8965,0.115,-0.9708,0.07467
13PK_A,13PK,A,132,-0.789,0.2175,-0.8126,0.2047
13PK_A,13PK,A,133,-1.002,0.01403,-1.048,0.01126
13PK_A,13PK,A,134,-0.3637,0.623,-0.2584,0.66
13PK_A,13PK,A,135,-1.001,0.01556,-1.048,0.01126
13PK_A,13PK,A,136,-0.6498,0.3502,-0.7892,0.2239
13PK_A,13PK,A,137,0.01409,0.9832,0.06467,0.9254
13PK_A,13PK,A,138,1.592,2.488,1.122,1.794
13PK_A,13PK,A,139,-0.5386,0.4563,-0.6018,0.3778
13PK_A,13PK,A,140,-1,0.01631,-1.048,0.01126
13PK_A,13PK,A,141,-0.4142,0.5749,-0.5679,0.4057
13PK_A,13PK,A,142,-0.6211,0.3776,-0.5679,0.4057
13PK_A,13PK,A,143,-0.4984,0.4946,-0.5679,0.4057
13PK_A,13PK,A,144,-0.4984,0.4946,-0.5679,0.4057
13PK_A,13PK,A,145,1.02,1.942,1.222,1.876
13PK_A,13PK,A,146,-0.472,0.5197,-0.4431,0.5083
13PK_A,13PK,A,147,-0.8509,0.1585,-0.829,0.1912
13PK_A,13PK,A,148,-0.2816,0.7013,-0.2485,0.6681
13PK_A,13PK,A,149,0.8985,1.827,0.5826,1.351
13PK_A,13PK,A,150,0.8839,1.813,0.8829,1.598
13PK_A,13PK,A,151,-0.488,0.5045,-0.663,0.3276
13PK_A,13PK,A,152,-0.5732,0.4232,-0.4265,0.5219
13PK_A,13PK,A,153,0.2793,1.236,0.3075,1.125
13PK_A,13PK,A,154,0.8575,1.787,0.8208,1.547
13PK_A,13PK,A,155,-0.708,0.2947,-0.8295,0.1907
13PK_A,13PK,A,156,-0.8714,0.139,-0.8504,0.1736
13PK_A,13PK,A,157,0.2843,1.241,0.7051,1.452
13PK_A,13PK,A,158,-0.157,0.8201,-0.409,0.5363
13PK_A,13PK,A,159,-0.4885,0.504,-0.4425,0.5087
13PK_A,13PK,A,160,-0.4887,0.5038,-0.4434,0.508
13PK_A,13PK,A,161,0.4249,1.375,0.7383,1.479
13PK_A,13PK,A,162,0.1166,1.081,-0.2063,0.7028
13PK_A,13PK,A,163,-0.896,0.1154,-0.8914,0.1399
13PK_A,13PK,A,164,-0.7939,0.2128,-0.7448,0.2603
13PK_A,13PK,A,165,-1.001,0.01541,-1.048,0.01126
13PK_A,13PK,A,166,-0.9965,0.01961,-1.032,0.02457
13PK_A,13PK,A,167,-0.9948,0.02131,-1.048,0.01126
13PK_A,13PK,A,168,-0.9754,0.03977,-1.032,0.02463
13PK_A,13PK,A,169,-0.6289,0.3702,-0.4674,0.4882
13PK_A,13PK,A,170,-0.855,0.1546,-0.8293,0.1909
13PK_A,13PK,A,171,-1.002,0.01478,-1.048,0.01126
13PK_A,13PK,A,172,-1.001,0.01556,-1.048,0.01126
13PK_A,13PK,A,173,-0.8507,0.1587,-0.8298,0.1906
13PK_A,13PK,A,174,-0.9316,0.0815,-0.9503,0.09153
13PK_A,13PK,A,175,-0.8025,0.2046,-0.7688,0.2406
13PK_A,13PK,A,176,-0.95,0.06402,-0.9509,0.09104
13PK_A,13PK,A,177,-0.8327,0.1758,-0.7894,0.2237
13PK_A,13PK,A,178,-0.2871,0.6961,-0.163,0.7384
13PK_A,13PK,A,179,-0.8638,0.1462,-0.9507,0.09117
13PK_A,13PK,A,180,-0.4623,0.5291,-0.2957,0.6294
13PK_A,13PK,A,181,-0.4658,0.5256,-0.2687,0.6515
13PK_A,13PK,A,182,1.687,2.578,2.208,2.686
13PK_A,13PK,A,183,1.653,2.546,1.094,1.771
13PK_A,13PK,A,184,0.004457,0.9741,-0.1645,0.7371
13PK_A,13PK,A,185,1.537,2.436,1.382,2.008
13PK_A,13PK,A,186,-0.00776,0.9624,-0.1859,0.7195
13PK_A,13PK,A,187,0.07934,1.045,0.4675,1.256
13PK_A,13PK,A,188,-0.3845,0.6032,-0.1853,0.7201
13PK_A,13PK,A,189,-0.5207,0.4733,-0.3862,0.555
13PK_A,13PK,A,190,-0.995,0.02104,-1.048,0.01126
13PK_A,13PK,A,191,0.002108,0.9718,-0.3152,0.6133
13PK_A,13PK,A,192,-0.9955,0.02057,-1.048,0.01126
13PK_A,13PK,A,193,-0.3005,0.6833,-0.1107,0.7814
13PK_A,13PK,A,194,-0.124,0.8516,-0.07071,0.8142
13PK_A,13PK,A,195,-0.6892,0.3126,-0.7231,0.2782
13PK_A,13PK,A,196,-1,0.01631,-1.048,0.01126
13PK_A,13PK,A,197,-0.3638,0.6229,-0.3389,0.5938
13PK_A,13PK,A,198,1.448,2.351,1.287,1.929
13PK_A,13PK,A,199,0.03979,1.008,-0.1699,0.7327
13PK_A,13PK,A,200,-0.4884,0.5041,-0.5995,0.3798
13PK_A,13PK,A,201,0.03955,1.008,-0.1276,0.7674
13PK_A,13PK,A,202,0.8599,1.79,0.6641,1.418
13PK_A,13PK,A,203,-0.6698,0.3311,-0.5743,0.4005
13PK_A,13PK,A,204,-0.255,0.7266,-0.2933,0.6313
13PK_A,13PK,A,205,1.064,1.985,1.29,1.932
13PK_A,13PK,A,206,0.309,1.264,0.8302,1.554
13PK_A,13PK,A,207,-0.955,0.05925,-1.01,0.04212
13PK_A,13PK,A,208,1.26,2.171,1.322,1.958
13PK_A,13PK,A,209,-0.5026,0.4906,-0.4695,0.4865
13PK_A,13PK,A,210,-0.9968,0.01932,-1.048,0.01126
13PK_A,13PK,A,211,-0.413,0.576,-0.6173,0.3651
13PK_A,13PK,A,212,-0.5558,0.4399,-0.4273,0.5212
13PK_A,13PK,A,213,-0.854,0.1555,-0.8303,0.1901
13PK_A,13PK,A,214,-0.8426,0.1664,-0.8102,0.2066
13PK_A,13PK,A,215,-0.4112,0.5777,-0.3761,0.5633
13PK_A,13PK,A,216,-0.995,0.02104,-1.048,0.01126
13PK_A,13PK,A,217,-0.995,0.02104,-1.048,0.01126
13PK_A,13PK,A,218,-0.7503,0.2544,-0.6642,0.3265
13PK_A,13PK,A,219,-0.9995,0.01677,-1.048,0.01126
13PK_A,13PK,A,220,-0.9393,0.07421,-0.951,0.09094
13PK_A,13PK,A,221,-0.8482,0.161,-0.7906,0.2227
13PK_A,13PK,A,222,-0.751,0.2537,-0.7276,0.2745
13PK_A,13PK,A,223,-0.9995,0.01677,-1.048,0.01126
13PK_A,13PK,A,224,-0.8651,0.1449,-0.8498,0.1741
13PK_A,13PK,A,225,0.176,1.138,0.01025,0.8807
13PK_A,13PK,A,226,-0.9206,0.09197,-0.9303,0.108
13PK_A,13PK,A,227,-0.7333,0.2706,-0.6803,0.3134
13PK_A,13PK,A,228,0.2118,1.172,0.2599,1.086
13PK_A,13PK,A,229,-0.4565,0.5346,-0.2234,0.6887
13PK_A,13PK,A,230,-0.7336,0.2704,-0.8289,0.1913
13PK_A,13PK,A,231,-0.1016,0.873,-0.3083,0.619
13PK_A,13PK,A,232,1.688,2.579,2.149,2.638
13PK_A,13PK,A,233,-0.5755,0.4211,-0.617,0.3654
13PK_A,13PK,A,234,-0.6682,0.3327,-0.5991,0.3801
13PK_A,13PK,A,235,-0.7888,0.2177,-0.7898,0.2234
13PK_A,13PK,A,236,0.1291,1.093,0.4187,1.216
13PK_A,13PK,A,237,-0.1361,0.84,-0.2245,0.6879
13PK_A,13PK,A,238,-0.0921,0.882,0.009482,0.8801
13PK_A,13PK,A,239,-0.6446,0.3552,-0.5374,0.4307
13PK_A,13PK,A,240,-0.8411,0.1678,-0.9313,0.1071
13PK_A,13PK,A,241,-0.995,0.02104,-1.048,0.01126
13PK_A,13PK,A,242,-0.7599,0.2452,-0.8497,0.1742
13PK_A,13PK,A,243,-0.9608,0.0537,-0.9908,0.05822
13PK_A,13PK,A,244,-0.5127,0.481,-0.3535,0.5818
13PK_A,13PK,A,245,-0.3853,0.6024,-0.5208,0.4444
13PK_A,13PK,A,246,-0.998,0.01822,-1.032,0.0246
13PK_A,13PK,A,247,-0.9948,0.02131,-1.048,0.01126
13PK_A,13PK,A,248,0.5952,1.537,0.2516,1.079
13PK_A,13PK,A,249,-0.3116,0.6727,-0.3755,0.5638
13PK_A,13PK,A,250,-0.7418,0.2625,-0.6655,0.3255
13PK_A,13PK,A,251,0.4902,1.437,0.7221,1.466
13PK_A,13PK,A,252,-0.7182,0.285,-0.8304,0.19
13PK_A,13PK,A,253,1.601,2.496,0.8451,1.567
13PK_A,13PK,A,254,1.7,2.59,2.198,2.678
13PK_A,13PK,A,255,0.08492,1.051,0.4276,1.224
13PK_A,13PK,A,256,-0.9753,0.03982,-1.032,0.02461
13PK_A,13PK,A,257,1.264,2.175,1.379,2.006
13PK_A,13PK,A,258,-1.003,0.01345,-1.048,0.01126
13PK_A,13PK,A,259,-0.6689,0.332,-0.7892,0.2239
13PK_A,13PK,A,260,0.1004,1.066,0.09449,0.9499
13PK_A,13PK,A,261,-0.9335,0.0797,-0.9714,0.07414
13PK_A,13PK,A,262,1.37,2.276,1.307,1.946
13PK_A,13PK,A,263,-0.4928,0.4999,-0.4515,0.5013
13PK_A,13PK,A,264,-0.3193,0.6654,-0.4059,0.5388
13PK_A,13PK,A,265,0.9845,1.909,0.8541,1.574
13PK_A,13PK,A,266,1.108,2.026,1.189,1.849
13PK_A,13PK,A,267,0.1852,1.146,-0.1568,0.7435
13PK_A,13PK,A,268,-0.9254,0.08742,-0.9315,0.1069
13PK_A,13PK,A,269,0.991,1.915,0.9361,1.641
13PK_A,13PK,A,270,1.65,2.543,1.64,2.22
13PK_A,13PK,A,271,-0.2342,0.7465,-0.356,0.5798
13PK_A,13PK,A,272,0.7242,1.66,0.8766,1.592
13PK_A,13PK,A,273,1.674,2.566,1.728,2.292
13PK_A,13PK,A,274,0.2248,1.184,0.1288,0.9781
13PK_A,13PK,A,275,-0.8955,0.116,-0.8892,0.1418
13PK_A,13PK,A,276,1.336,2.243,1.317,1.954
13PK_A,13PK,A,277,1.709,2.599,2.178,2.662
13PK_A,13PK,A,278,0.166,1.128,0.1572,1.001
13PK_A,13PK,A,279,-0.03203,0.9393,-0.3258,0.6046
13PK_A,13PK,A,280,-0.3386,0.647,-0.1731,0.7301
13PK_A,13PK,A,281,0.9773,1.902,1.056,1.74
13PK_A,13PK,A,282,0.6091,1.551,0.3327,1.146
13PK_A,13PK,A,283,0.1259,1.09,-0.1107,0.7813
13PK_A,13PK,A,284,-0.5545,0.4411,-0.6898,0.3055
13PK_A,13PK,A,285,-0.9968,0.01932,-1.048,0.01126
13PK_A,13PK,A,286,0.2048,1.165,0.4688,1.257
13PK_A,13PK,A,287,-0.9744,0.04069,-1.011,0.04205
13PK_A,13PK,A,288,0.3009,1.257,0.5898,1.357
13PK_A,13PK,A,289,-0.1447,0.8319,0.09826,0.953
13PK_A,13PK,A,290,0.3199,1.275,0.6389,1.397
13PK_A,13PK,A,291,-0.4657,0.5257,-0.2985,0.627
13PK_A,13PK,A,292,0.7749,1.709,0.6964,1.444
13PK_A,13PK,A,293,0.8598,1.79,0.7948,1.525
13PK_A,13PK,A,294,-0.3783,0.6091,-0.5755,0.3995
13PK_A,13PK,A,295,0.5497,1.494,0.8056,1.534
13PK_A,13PK,A,296,0.9978,1.921,1.176,1.839
13PK_A,13PK,A,297,-0.551,0.4444,-0.3868,0.5545
13PK_A,13PK,A,298,1.685,2.576,1.583,2.173
13PK_A,13PK,A,299,1.312,2.221,2.048,2.555
13PK_A,13PK,A,300,1.679,2.57,1.497,2.103
13PK_A,13PK,A,301,1.672,2.564,2.196,2.677
13PK_A,13PK,A,302,-0.3175,0.6671,-0.1334,0.7627
13PK_A,13PK,A,303,1.677,2.569,1.595,2.183
13PK_A,13PK,A,304,0.7061,1.643,1.057,1.741
13PK_A,13PK,A,305,1.637,2.531,1.586,2.176
13PK_A,13PK,A,306,1.922,2.803,2.223,2.699
13PK_A,13PK,A,307,0.05705,1.024,-0.0866,0.8011
13PK_A,13PK,A,308,-0.5632,0.4328,-0.4021,0.542
13PK_A,13PK,A,309,-0.2428,0.7383,-0.4328,0.5167
13PK_A,13PK,A,310,0.9982,1.922,1.078,1.758
13PK_A,13PK,A,311,0.416,1.366,0.183,1.023
13PK_A,13PK,A,312,1.622,2.517,0.2215,1.054
13PK_A,13PK,A,313,-0.2944,0.6891,-0.1431,0.7547
13PK_A,13PK,A,314,-0.2464,0.7349,-0.3755,0.5638
13PK_A,13PK,A,315,-0.4444,0.5461,-0.581,0.3949
13PK_A,13PK,A,316,-1.001,0.01541,-1.048,0.01126
13PK_A,13PK,A,317,-0.6667,0.3341,-0.5806,0.3953
13PK_A,13PK,A,318,-0.995,0.02104,-1.048,0.01126
13PK_A,13PK,A,319,-0.08083,0.8927,-0.3051,0.6216
13PK_A,13PK,A,320,0.7892,1.722,0.7422,1.482
13PK_A,13PK,A,321,-0.5746,0.4219,-0.3693,0.5688
13PK_A,13PK,A,322,1.159,2.075,1.498,2.103
13PK_A,13PK,A,323,1.321,2.23,1.261,1.908
13PK_A,13PK,A,324,3.488,4.295,1.933,2.46
13PK_A,13PK,A,325,0.4865,1.434,0.05661,0.9188
13PK_A,13PK,A,326,1.393,2.298,1.948,2.473
13PK_A,13PK,A,327,3.478,4.286,2.226,2.702
13PK_A,13PK,A,328,0.5563,1.5,0.8356,1.559
13PK_A,13PK,A,329,-0.3195,0.6652,-0.2479,0.6686
13PK_A,13PK,A,330,1.672,2.564,1.385,2.01
13PK_A,13PK,A,331,1.695,2.586,2.148,2.637
13PK_A,13PK,A,332,-0.6074,0.3906,-0.5181,0.4466
13PK_A,13PK,A,333,0.07613,1.042,0.0226,0.8908
13PK_A,13PK,A,334,-0.776,0.2299,-0.7068,0.2916
13PK_A,13PK,A,335,-0.4467,0.5439,-0.2478,0.6687
13PK_A,13PK,A,336,-0.2633,0.7188,-0.02822,0.8491
13PK_A,13PK,A,337,-0.9282,0.08477,-1.032,0.0246
13PK_A,13PK,A,338,-1.002,0.01403,-1.048,0.01126
13PK_A,13PK,A,339,-0.995,0.02104,-1.048,0.01126
13PK_A,13PK,A,340,-0.9801,0.03527,-1.032,0.0246
13PK_A,13PK,A,341,-0.6582,0.3422,-0.5758,0.3992
13PK_A,13PK,A,342,-0.995,0.02104,-1.048,0.01126
13PK_A,13PK,A,343,-0.88,0.1307,-0.8712,0.1565
13PK_A,13PK,A,344,-0.8924,0.1189,-0.971,0.07448
13PK_A,13PK,A,345,-1,0.01631,-1.048,0.01126
13PK_A,13PK,A,346,0.1658,1.128,0.1474,0.9934
13PK_A,13PK,A,347,1.658,2.551,1.393,2.017
13PK_A,13PK,A,348,1.282,2.193,1.336,1.97
13PK_A,13PK,A,349,-0.6256,0.3733,-0.7698,0.2398
13PK_A,13PK,A,350,-0.6148,0.3836,-0.4917,0.4683
13PK_A,13PK,A,351,2.149,3.019,2.212,2.689
13PK_A,13PK,A,352,-0.9471,0.06678,-1.011,0.04201
13PK_A,13PK,A,353,-0.998,0.0182,-1.032,0.02457
13PK_A,13PK,A,354,1.612,2.507,1.241,1.892
13PK_A,13PK,A,355,0.1359,1.099,0.4341,1.229
13PK_A,13PK,A,356,-0.286,0.6971,-0.07063,0.8142
13PK_A,13PK,A,357,-0.8174,0.1904,-0.787,0.2257
13PK_A,13PK,A,358,1.681,2.572,2.062,2.567
13PK_A,13PK,A,359,-0.4563,0.5348,-0.3185,0.6106
13PK_A,13PK,A,360,0.03074,0.9991,0.1127,0.9649
13PK_A,13PK,A,361,-0.7686,0.237,-0.7069,0.2915
13PK_A,13PK,A,362,1.741,2.63,2.218,2.695
13PK_A,13PK,A,363,0.3777,1.33,0.6967,1.445
13PK_A,13PK,A,364,0.9139,1.841,0.9915,1.687
13PK_A,13PK,A,365,3.508,4.314,2.4,2.844
13PK_A,13PK,A,366,1.586,2.482,1.824,2.371
13PK_A,13PK,A,367,1.786,2.672,2.117,2.612
13PK_A,13PK,A,368,-0.4508,0.54,-0.6552,0.3339
13PK_A,13PK,A,369,-0.169,0.8087,0.02218,0.8905
13PK_A,13PK,A,370,0.5952,1.537,0.7975,1.528
13PK_A,13PK,A,371,-0.6536,0.3466,-0.4857,0.4733
13PK_A,13PK,A,372,-0.6524,0.3478,-0.5359,0.432
13PK_A,13PK,A,373,-0.6163,0.3821,-0.4943,0.4661
13PK_A,13PK,A,374,-0.995,0.02104,-1.048,0.01126
13PK_A,13PK,A,375,-0.995,0.02104,-1.048,0.01126
13PK_A,13PK,A,376,-0.995,0.02104,-1.048,0.01126
13PK_A,13PK,A,377,-0.9738,0.04129,-1.01,0.04215
13PK_A,13PK,A,378,-0.9248,0.08799,-0.911,0.1238
13PK_A,13PK,A,379,-0.7264,0.2772,-0.6589,0.3309
13PK_A,13PK,A,380,-0.7759,0.23,-0.7219,0.2792
13PK_A,13PK,A,381,-0.9633,0.05126,-0.9909,0.05816
13PK_A,13PK,A,382,-0.3928,0.5953,-0.1897,0.7164
13PK_A,13PK,A,383,-0.1876,0.791,-0.1096,0.7822
13PK_A,13PK,A,384,0.09955,1.065,0.06023,0.9218
13PK_A,13PK,A,385,0.1019,1.067,0.05663,0.9188
13PK_A,13PK,A,386,-0.2353,0.7454,-0.462,0.4927
13PK_A,13PK,A,387,0.4072,1.358,0.1379,0.9855
13PK_A,13PK,A,388,-0.4702,0.5215,-0.3463,0.5878
13PK_A,13PK,A,389,0.4005,1.352,0.4967,1.28
13PK_A,13PK,A,390,0.08262,1.049,0.08648,0.9433
13PK_A,13PK,A,391,-0.5183,0.4756,-0.3988,0.5447
13PK_A,13PK,A,392,-0.3419,0.6438,-0.04358,0.8365
13PK_A,13PK,A,393,-0.942,0.07163,-0.9708,0.07466
13PK_A,13PK,A,394,-0.6383,0.3612,-0.5057,0.4568
13PK_A,13PK,A,395,-1.003,0.01345,-1.048,0.01126
13PK_A,13PK,A,396,-1.003,0.01382,-1.048,0.01126
13PK_A,13PK,A,397,-0.9753,0.03984,-1.032,0.02463
13PK_A,13PK,A,398,-0.995,0.02104,-1.048,0.01126
13PK_A,13PK,A,399,-0.995,0.02104,-1.048,0.01126
13PK_A,13PK,A,400,-1.002,0.01418,-1.048,0.01126
13PK_A,13PK,A,401,-0.9218,0.09085,-0.9102,0.1245
13PK_A,13PK,A,402,-0.9768,0.03847,-1.032,0.0246
13PK_A,13PK,A,403,-0.915,0.09738,-0.9512,0.09081
13PK_A,13PK,A,404,-0.3672,0.6197,-0.5739,0.4007
13PK_A,13PK,A,405,-0.7365,0.2676,-0.8296,0.1907
13PK_A,13PK,A,406,-0.9498,0.06414,-0.991,0.05804
13PK_A,13PK,A,407,-0.9753,0.03983,-1.032,0.02454
13PK_A,13PK,A,408,-0.6493,0.3507,-0.683,0.3112
13PK_A,13PK,A,409,1.406,2.31,1.352,1.983
13PK_A,13PK,A,410,-0.9767,0.03856,-1.032,0.02457
13PK_A,13PK,A,411,-0.9968,0.01932,-1.048,0.01126
13PK_A,13PK,A,412,-0.895,0.1165,-0.9708,0.07467
13PK_A,13PK,A,413,-0.5779,0.4188,-0.4645,0.4907
13PK_A,13PK,A,414,0.258,1.216,0.6127,1.376
13PK_A,13PK,A,415,-0.3995,0.5889,-0.1931,0.7136
13PK_A,13PK,A,416,-0.6464,0.3535,-0.7465,0.259
13PK_A,13PK,A,417,0.5548,1.499,0.7589,1.496
13PK_A,13PK,A,418,0.4481,1.397,0.6823,1.433
13PK_A,13PK,A,419,-0.331,0.6542,-0.3299,0.6012
